correlation_name,value,p-value
pearson,-0.3715684442453479,0.5380279129861241
spearman,0.3,0.6238376647810728
kendal tau,0.19999999999999998,0.8166666666666667
