correlation_name,value,p-value
pearson,0.7497385859276411,0.0001412631438997943
spearman,0.837593984962406,4.074490008859048e-06
kendal tau,0.6631578947368422,1.1598461044767754e-05
