correlation_name,value,p-value
pearson,0.419561797014662,3.9708183969970385e-88
spearman,0.4476283360622776,1.7765452163144702e-101
kendal tau,0.307140695303354,2.7565963451567675e-96
