correlation_name,value,p-value
pearson,0.4806107236884493,0.33459124923601397
spearman,0.08571428571428573,0.8717434402332361
kendal tau,0.06666666666666665,1.0
