correlation_name,value,p-value
pearson,-0.36206739905146984,0.11671155266023354
spearman,-0.2601503759398496,0.26798033372196073
kendal tau,-0.18947368421052632,0.2598399893189163
