correlation_name,value,p-value
pearson,-0.18636815366073456,0.383235998075935
spearman,-0.20869565217391303,0.3277534837670476
kendal tau,-0.14492753623188404,0.33713069668005113
