correlation_name,value,p-value
pearson,0.5554964797635508,0.03156716579703246
spearman,0.3285714285714285,0.23180969720615968
kendal tau,0.21904761904761905,0.2815660702955676
