correlation_name,value,p-value
pearson,0.030754219007096958,0.5286632231400806
spearman,0.013925169747316246,0.775471715267547
kendal tau,0.00827497696261203,0.7995681824438663
