correlation_name,value,p-value
pearson,0.4875968674890683,0.12816414220749114
spearman,0.39090909090909093,0.23454006709519432
kendal tau,0.23636363636363636,0.3587114698573032
