correlation_name,value,p-value
pearson,-0.8318946619035875,1.5934408257865353e-06
spearman,-0.8283455674760022,1.9332184663096874e-06
kendal tau,-0.6623376623376623,3.3552675637990295e-06
