correlation_name,value,p-value
pearson,0.047583000638250564,0.8063716176278366
spearman,0.10888040481651486,0.5739638464562762
kendal tau,0.08631325920359241,0.5114074703143316
