correlation_name,value,p-value
pearson,-0.060364314409092776,0.8242576553857086
spearman,-0.06470588235294117,0.8118214513105935
kendal tau,-0.016666666666666666,0.9646949319332571
