correlation_name,value,p-value
pearson,-0.2943018716229445,0.30708343581921965
spearman,-0.09900996090312549,0.7363048257178262
kendal tau,-0.06629935441317959,0.7421839102908943
