correlation_name,value,p-value
pearson,0.14208058857081213,0.6433482107752115
spearman,0.18156825980064076,0.5527396628650438
kendal tau,0.0903244604661891,0.6687536188430206
