correlation_name,value,p-value
pearson,0.3881213539478307,0.1005815660979668
spearman,0.5578947368421052,0.013059921195492317
kendal tau,0.4269005847953216,0.010328703448018863
