correlation_name,value,p-value
pearson,0.03286040346934335,0.03167568004555406
spearman,0.07897904326938951,2.334775208841156e-07
kendal tau,0.053867369524125894,1.2856189697015454e-07
